*,,,,,,,,,,,,,,,,,,,,,,,,,,,,,,,,,,,,,,,,,,,,,,,,,,,,,,,,,,,,,,,,,,,,,,,,,,,,,,,,,,,,,,,,,,,,,,,,,,,,,,,,,,,,,,,,,,,,,,,,,,,,,,,,,,,,,,,,,,,,,,,,,,,,,,,,,,,,,,,,,,,,,,,,,,,,,,,,,,,,,,,,,,,,,,,,,,,,,,,,,,,,,,,,,,,,,,,,,,,,,,,,,,,,,,,,,,,,,,,,,,,,,,,,,,,,,,,,,,,,,,,,,,,,,,,,,,,,,,,,,,,,,,,,,,,,,,,
*,,,,,,,,,,,,,,,,,,,,,,,,,,,,,,,,,,,,,,,,,,,,,,,,,,,,,,,,,,,,,,,,,,,,,,,,,,,,,,,,,,,,,,,,,,,,,,,,,,,,,,,,,,,,,,,,,,,,,,,,,,,,,,,,,,,,,,,,,,,,,,,,,,,,,,,,,,,,,,,,,,,,,,,,,,,,,,,,,,,,,,,,,,,,,,,,,,,,,,,,,,,,,,,,,,,,,,,,,,,,,,,,,,,,,,,,,,,,,,,,,,,,,,,,,,,,,,,,,,,,,,,,,,,,,,,,,,,,,,,,,,,,,,,,,,,,,,,
*,,,,,,,,,,,,,,,,,,,,,,,,,,,,,,,,,,,,,,,,,,,,,,,,,,,,,,,,,,,,,,,,,,,,,,,,,,,,,,,,,,,,,,,,,,,,,,,,,,,,,,,,,,,,,,,,,,,,,,,,,,,,,,,,,,,,,,,,,,,,,,,,,,,,,,,,,,,,,,,,,,,,,,,,,,,,,,,,,,,,,,,,,,,,,,,,,,,,,,,,,,,,,,,,,,,,,,,,,,,,,,,,,,,,,,,,,,,,,,,,,,,,,,,,,,,,,,,,,,,,,,,,,,,,,,,,,,,,,,,,,,,,,,,,,,,,,,,
*,,,,,,,,,,,,,,,,,,,,,,,,,,,,,,,,,,,,,,,,,,,,,,,,,,,,,,,,,,,,,,,,,,,,,,,,,,,,,,,,,,,,,,,,,,,,,,,,,,,,,,,,,,,,,,,,,,,,,,,,,,,,,,,,,,,,,,,,,,,,,,,,,,,,,,,,,,,,,,,,,,,,,,,,,,,,,,,,,,,,,,,,,,,,,,,,,,,,,,,,,,,,,,,,,,,,,,,,,,,,,,,,,,,,,,,,,,,,,,,,,,,,,,,,,,,,,,,,,,,,,,,,,,,,,,,,,,,,,,,,,,,,,,,,,,,,,,,
*,,,,,,,,,,,,,,,,,,,,,,,,,,,,,,,,,,,,,,,,,,,,,,,,,,,,,,,,,,,,,,,,,,,,,,,,,,,,,,,,,,,,,,,,,,,,,,,,,,,,,,,,,,,,,,,,,,,,,,,,,,,,,,,,,,,,,,,,,,,,,,,,,,,,,,,,,,,,,,,,,,,,,,,,,,,,,,,,,,,,,,,,,,,,,,,,,,,,,,,,,,,,,,,,,,,,,,,,,,,,,,,,,,,,,,,,,,,,,,,,,,,,,,,,,,,,,,,,,,,,,,,,,,,,,,,,,,,,,,,,,,,,,,,,,,,,,,,
*,,,,,,,,,,,,,,,,,,,,,,,,,,,,,,,,,,,,,,,,,,,,,,,,,,,,,,,,,,,,,,,,,,,,,,,,,,,,,,,,,,,,,,,,,,,,,,,,,,,,,,,,,,,,,,,,,,,,,,,,,,,,,,,,,,,,,,,,,,,,,,,,,,,,,,,,,,,,,,,,,,,,,,,,,,,,,,,,,,,,,,,,,,,,,,,,,,,,,,,,,,,,,,,,,,,,,,,,,,,,,,,,,,,,,,,,,,,,,,,,,,,,,,,,,,,,,,,,,,,,,,,,,,,,,,,,,,,,,,,,,,,,,,,,,,,,,,,
*,,,,,,,,,,,,,,,,,,,,,,,,,,,,,,,,,,,,,,,,,,,,,,,,,,,,,,,,,,,,,,,,,,,,,,,,,,,,,,,,,,,,,,,,,,,,,,,,,,,,,,,,,,,,,,,,,,,,,,,,,,,,,,,,,,,,,,,,,,,,,,,,,,,,,,,,,,,,,,,,,,,,,,,,,,,,,,,,,,,,,,,,,,,,,,,,,,,,,,,,,,,,,,,,,,,,,,,,,,,,,,,,,,,,,,,,,,,,,,,,,,,,,,,,,,,,,,,,,,,,,,,,,,,,,,,,,,,,$,,,,,,,,,,,,,,,,,,,
*,,,,,,,,,,,,,,,,,,,,,,,,,,,,2,,,,,,,,,,,,,,,,,,,,,,,,,,,,,,,,,,,,,,,,,,,,,,,,,,,,,,,,,,,,,,,,,,,,,,,,,,,,,,,,,,,,,,,,,,,,,,2,,,1,,,3,,,2,,,,,,,,,,,,,,,,,,,,,,,,,,,,,,,,,,,,,,,,,,,,,,,,,,,,,,,,,,,,,,,,,,,,,,,,,,,,,,,,,,,,,,C,,,,,,,,,,,,,,,,,,,,,,,,,,,,,,,,,,,,,,,,,,,,,1,,,,,,,,,,,,,,$,,,,,,,,,,,,,,,,,,,
*,,,,,,,,,,,,1,,,,,,,,,,,,,,,3,,1,,,,,,,,,,,,,,,,,,,,,,,,,,,,,,,,,,,,,,,3,,,,4,,,,,,,,,,,,,,,,,,,,,,,,,,,,,,,,,,,,,,,,,,,,,,,,,#,#,#,#,#,#,#,#,#,#,#,?,,,,,,,,,,,,,,,,,,,,,,,,,,,,,,,,,,,,,,,,,,,,,,,,,,,,,,,,,,,1,,2,,,,,,,,,,,,,,,,,,,,,,?,#,#,#,?,,,,,,,,,,,,,,,,,,,,,,,,,,,,,,,,,,,,,,2,,,,,,,,,,,,,,,,,,,$,,,,,,,,,,,,,,,,,,,
*,,,,,,,,,,,,,,,,,,,,,,,,,,,,,,,,,,,,,,,,,,,,,,,,,,,,,,,,,,,,,,,1,,,,,,,,,,,,,,,5,,,,,,,,,,,,,,,,,,,,,,,,,,,,,,,,,,,,,,,,,,,,,,,,,,,,,,,,,,,,,,,,,,,,,,,,,4,,,,,,,,5,,,,,,,,,,,,,,,,,,,,,,,,,,,,,,,,,,,,,,,,,,,,,,,,,,,,,,,,,,,,,,,,,,,,,,,,,,,,,,,,,,,,,,,,,,,,,3,,,,,,,,,,,,,C,,,,,,,,,,,$,,,,,,,,,,,,,,,,,,,
,,,,,,,,,,,,,,,,,,,,,,,,,,,,,,,,,,,,,,,,,,,,,,,,,,,,,5,,,,,,,,,,,,,,,,,,,,,,,,,,,,,,,,,,,,,,,,,,,,,,,,,,,,,,,,,,?,,,,,?,,,,,,,,,,,,,,,,,,,,,,,,,,,,,,,,,,,,,,,,,,,,,,,,,,,,,,,,,,,,,,,,,,,,,,,,,,,,,,,,,,,,,,,,,,,,,,,,,,,,,,,,,,,,,,,,,,,,,,,,,,,,,,,,,,,4,,,,,,,,,,,,,,,,,#,#,,,,,,,,,,,$,,,,,,,,,,,,,,,,,,,
,,,,,,,,,,A,B,C,,,,,,,,,,,,,,,,,,,,,,,,,,,,,,,,,,,,,,?,#,#,#,#,#,?,,,,,,,,,,,,,,,,,,,,,,,,,,,,,,,,,,,,,,2,,,,,,,,,,,,,,,,,,,,,,,,,,,,,,,,,,,,,,#,#,?,#,#,,,,,,,,,,,,,,,,,,,C,,,,,,,,,,,,,2,,,,,,,,,,,,,,,,,,,,,,,,,,,,,,,,,,,,,,,,,,,,,,B,,,,,,B,,,,,,,,,,,,,,,,,,,,,,,,,,,,,,,,,,,,,,,#,#,,,,#,#,,,,,,,,,,,$,,,,,,,,,,,,,,,,,,,
,,,,,,,,,,#,?,#,?,#,,,,,,,,,,,,,#,#,#,,,,,,,,,,,,,,,,,,,,,,,,,,,,,,,,,,,,,,,,,/,/,,,,,,,,,,,,,,,,,,,,,1,,,,4,,,,,,,,,,,,,1,,,2,,,3,,,4,,,,,,,,,,,,,,,,,,,,,,,,,,,,,,,,,,,,#,#,#,,,,,,,,,,,,#,#,#,#,?,,,,,,,3,,,1,,,,,,,,?,?,?,?,?,,,,,,,,,,,2,,,,3,,,?,#,#,#,#,#,#,#,#,#,?,,,,,,,,,,,,,,,,,,,,,,,,,,,,,,,,#,#,,,,#,#,,,,#,#,,,,,,,,,,,$,,,,,,,,,,,,,,,,,,,
,,,,,,,,,T,,,,,,,,,,,,,/,/,,,,,,,,,,/,/,,,,,,,,,,,,,,,,,,,,,,,,,,,,,,,,,,,,/,/,,,,,,,,,,,,,,,,,,,,,,,,,,,,,,,,,,,,,/,#,#,#,#,#,#,#,#,#,#,/,,,,,,,,,,,,,,,,,,,,,,,,,,,,,/,,,,,,,,,,,,,,/,,,,,,,,,,,,,,,,/,#,#,#,#,#,/,,,,,,,,,,,,,,,,/,/,,,,,,,,,,,,,,,,,,,,,,,,,,,,,,,/,/,,,,/,,,,,,,,,,,,#,#,,,,#,#,,,,#,#,,,,#,#,,,,,,,,,,,$,,,,,,,,,,,,,,,,,,,
,,,,,,,,,T,,,,,,,,,,,,,/,/,,,,,,,,,,/,/,,,,,,,,,,,,,,,,,,,,,,,,,,/,/,,,,,,,,,/,/,,,,,,,,,/,/,,,,,,,,,,,,,,,,,,,,,,,,,,/,/,,,,,,,,,,,/,/,,,,,,,,,,,,,,,,,,,,,,,,,,,/,/,,,,,,,,,,,,,,/,/,,,,,,,,,,,,,,/,/,#,#,#,#,#,/,/,,,,,,,,,,,,,,,/,/,,,,,,,,,,,,,,,,,,,,,,,,,,,,,,/,/,/,,,,/,/,,,,,,#,#,,,,#,#,,,,#,#,,,,#,#,,,,#,#,,,,,,,,,,,$,,,,,,,,,,,,,,,,,,,
,,,,,P,,,,T,,,,,,,,,,,,,/,/,,,,,4,,,,,/,/,,,,,,,,,,,,,,,,A,,,,,,,,,,/,/,,,,,,,,,/,/,,,,,A,,,,/,/,,,,,B,,,,,,,,,,,,,,,,R,,,,/,/,/,,,,,,,,,,,/,/,/,,,,,,,,,A,,,,B,,,,A,,,,,,,,/,/,/,,,,,,,3,,,,,,,/,/,/,,,,,,A,,,,,,/,/,/,#,#,#,#,#,/,/,/,,,,,,,,A,,,,,,/,/,,,,,,,,,,,A,,,,,A,,,,,A,,,,,,,,/,/,/,/,,C,,/,/,/,,,,,#,#,,,,#,#,,,,,,,A,,,,,A,,,,,A,,,,,,,,/,/,/,,,,,,,,,,,,,,,,,,
w,w,w,w,w,w,w,w,w,w,w,w,w,w,w,w,w,w,w,w,w,w,w,w,w,w,w,,,,w,w,w,w,w,H,H,H,H,H,H,w,w,w,w,w,w,w,w,w,w,w,w,w,w,w,w,w,w,w,w,w,w,w,w,w,w,w,w,w,w,w,w,w,w,w,w,w,w,w,w,w,w,w,w,w,w,w,w,w,w,w,,,,,w,w,w,w,w,w,w,w,w,w,w,w,w,w,w,w,w,w,w,w,w,w,w,w,w,w,w,w,w,w,w,w,w,w,w,w,w,w,w,w,w,w,w,w,w,w,w,w,w,w,w,w,w,w,w,w,w,w,#,#,#,w,w,w,w,w,w,w,w,w,w,w,w,w,w,w,w,w,w,w,w,w,w,w,w,w,w,w,w,w,w,w,w,w,w,w,w,w,w,w,w,w,w,w,w,w,w,w,w,w,w,w,w,w,w,w,w,w,w,w,w,w,w,w,w,w,w,w,w,w,w,w,w,w,w,w,w,w,w,w,w,w,w,w,w,w,w,w,w,w,w,w,w,w,w,w,w,w,w,w,w,w,w,w,w,w,w,w,w,w,w,w,w,w,w,w,w,w,w,w,w,w,w,w,w,w,,,,,,,,,,,,w,A,w
=,=,=,=,=,=,=,=,=,=,=,=,=,=,=,=,=,=,=,=,=,=,=,=,=,=,=,,,,=,=,=,=,=,L,L,L,L,L,L,=,=,=,=,=,=,=,=,=,=,=,=,=,=,=,=,=,=,=,=,=,=,=,=,=,=,=,=,=,=,=,=,=,=,=,=,=,=,=,=,=,=,=,=,=,=,=,=,=,=,=,,,,,=,=,=,=,=,=,=,=,=,=,=,=,=,=,=,=,=,=,=,=,=,=,=,=,=,=,=,=,=,=,=,=,=,=,=,=,=,=,=,=,=,=,=,=,=,=,=,=,=,=,=,=,=,=,=,=,=,=,=,=,=,=,=,=,=,=,=,=,=,=,=,=,=,=,=,=,=,=,=,=,=,=,=,=,=,=,=,=,=,=,=,=,=,=,=,=,=,=,=,=,=,=,=,=,=,=,=,=,=,=,=,=,=,=,=,=,=,=,=,=,=,=,=,=,=,=,=,=,=,=,=,=,=,=,=,=,=,=,=,=,=,=,=,=,=,=,=,=,=,=,=,=,=,=,=,=,=,=,=,=,=,=,=,=,=,=,=,=,=,=,=,=,=,=,=,=,=,,,,,,,,,,,,,,,,,,,,,=,=,=
